lat_values,lng_values,city,country,Temp,Humidity,Cloudiness,Wind Speed,Lat,Longitude
49.51853124249874,-43.397312470420104,torbay,ca,49.14,93,90,3.56,47.66,-52.73
88.427182024796,-115.83595463803233,norman wells,ca,77,33,75,3.36,65.28,-126.83
28.082854357703738,61.13608242218203,khash,ir,72.08,8,0,6.22,28.22,61.21
-32.27102989842306,-26.34763005158652,sao joao da barra,br,67.22,92,0,1.92,-21.64,-41.05
0.3310282007518879,-121.24170522677508,atuona,pf,80.9,79,0,19.1,-9.8,-139.03
0.2653657837004886,-108.99250422112505,puerto ayora,ec,72.26,81,30,9.17,-0.74,-90.35
17.528415280159976,-57.71957731176087,saint-francois,gp,80.6,83,20,5.82,16.25,-61.27
29.31124538810934,-149.32080098821683,kahului,us,80.74,48,40,9.17,20.89,-156.47
63.7083820234956,18.715205966740456,ornskoldsvik,se,51.98,76,46,5.82,63.29,18.72
35.94687822439319,-72.8283525332225,virginia beach,us,78.24,74,1,13.87,36.85,-75.98
-85.45688473781891,71.43023417910223,taolanaro,mg,,,,,,
50.050103932037985,61.212297408146014,svetlyy,ru,,,,,,
62.09751822278477,-23.60533146951107,grindavik,is,51.22,93,75,11.41,63.84,-22.43
55.2075108880712,-163.87881145770118,bethel,us,70.23,43,75,4.7,60.79,-161.76
-32.336856711606806,132.42903192001836,flinders,au,62.11,67,40,6.93,-34.58,150.85
82.47666707596409,86.23096810925824,dikson,ru,36.44,94,99,14.88,73.51,80.55
25.568097173240787,-20.14700218842458,los llanos de aridane,es,73.4,83,75,3.36,28.66,-17.92
-53.60890423564442,84.2685825604404,busselton,au,61.97,58,33,23.94,-33.64,115.35
-74.31628806548137,38.603024131143655,port alfred,za,59,94,100,5.99,-33.59,26.89
-34.37456473511512,79.17962687700822,bambous virieux,mu,72.81,68,20,16.11,-20.34,57.76
17.99678014940811,65.59332784284709,porbandar,in,86,74,20,4.7,21.64,69.61
35.82020639494553,96.919938899653,yumen,cn,75.32,28,0,1.81,40.29,97.04
-59.551309836959575,-93.6022217011708,punta arenas,cl,32,66,6,24,-53.16,-70.91
57.22886472912805,171.08158311081087,nikolskoye,ru,58.03,87,0,2.24,59.7,30.79
-65.8637923955929,176.74951844501402,kaitangata,nz,52,59,91,7,-46.28,169.85
-78.75576977984066,105.99028429326466,albany,au,62.6,67,40,14.99,-35.02,117.88
17.72893113626077,166.60608142643866,butaritari,ki,84.32,79,99,15.01,3.07,172.79
49.771800529302254,-89.6160190368278,thunder bay,ca,53.31,100,90,2.24,48.41,-89.26
32.16801500878687,41.48529433884522,hit,iq,90.62,17,0,8.59,33.64,42.83
-79.20079283712646,-150.31363846379907,mataura,pf,,,,,,
18.495859109065435,-100.12644642984792,arcelia,mx,71,96,100,3.02,18.32,-100.28
24.169680363720943,-74.89594695980725,cockburn town,bs,82.7,70,12,7.36,24.03,-74.52
54.11628976668774,-106.3194028091643,shellbrook,ca,59,77,75,6.93,53.22,-106.39
15.800804016865783,-109.93033045478141,tomatlan,mx,79.64,79,0,5.06,19.93,-105.25
74.61976903574595,89.24603872818506,talnakh,ru,57.2,82,75,15.66,69.49,88.39
-25.672868682138457,-37.15634104867314,armacao dos buzios,br,,,,,,
24.44325478037358,-151.64250486909197,hilo,us,73.09,65,75,11.41,19.71,-155.08
33.63643651308473,-43.6678837948231,ribeira grande,pt,65.06,74,32,13.29,38.52,-28.7
-51.28062112900718,20.744674930397565,bredasdorp,za,54.14,93,100,12.75,-34.53,20.04
15.981106629179152,22.91671833133455,biltine,td,88.64,21,67,4.41,14.53,20.93
-43.87552143616555,-108.47237801286272,rikitea,pf,71.36,85,34,11.95,-23.12,-134.97
-49.975871487774164,-35.6193490843323,chuy,uy,65.42,89,100,11.56,-33.69,-53.46
-57.72442775776359,-50.01892832068381,ushuaia,ar,21.14,97,84,5.21,-54.81,-68.31
-71.08334586627092,0.9744494920029751,hermanus,za,56.34,96,87,4,-34.42,19.24
-28.385096092543428,-8.328270316411249,jamestown,sh,70.46,73,100,13.87,-15.94,-5.72
83.30708793135307,142.61184181101993,nizhneyansk,ru,,,,,,
-14.561466933543144,109.11021497599512,bambanglipuro,id,75.86,82,3,10.18,-7.95,110.28
67.58799449039756,-139.87010438332888,aklavik,ca,48.2,93,90,8.05,68.22,-135.01
-54.34095635253594,-105.00389491363669,castro,cl,39.2,100,75,6.93,-42.48,-73.76
-25.207293485823953,-157.8862317098689,avarua,ck,75.2,57,23,11.41,-21.21,-159.78
36.2107943945379,-177.5595178793422,kapaa,us,82.78,74,90,12.75,22.08,-159.32
76.66849601105955,164.11713611430883,cherskiy,ru,78.74,23,0,8.05,68.75,161.3
70.38496916492446,174.47446561437863,komsomolskiy,ru,37.34,85,96,13.91,67.55,63.78
-23.615868614162252,42.17020672375253,toliary,mg,,,,,,
-23.90088073024188,-153.31483110920067,avera,pf,,,,,,
28.640651123098678,155.80770544929976,hasaki,jp,80.11,69,75,3.36,35.73,140.83
82.5504113958508,-40.598786844555576,ilulissat,gl,44.6,70,31,4.7,69.22,-51.1
-3.362328708899568,-74.43796908982594,iquitos,pe,73.4,94,75,1.12,-3.75,-73.25
72.83123167832832,-18.413286667570475,illoqqortoormiut,gl,,,,,,
59.5370536477555,-72.50918198651786,iqaluit,ca,57.11,54,75,14.99,63.75,-68.52
75.9582869907156,10.105984877102713,barentsburg,sj,,,,,,
71.31713968390386,-42.16844672980946,tasiilaq,gl,42.8,100,95,3.36,65.61,-37.64
21.968374830117,81.34413069095632,kawardha,in,88.28,48,59,5.44,22.01,81.23
86.25673991731844,-119.00690052684355,tuktoyaktuk,ca,44.6,87,90,19.46,69.44,-133.03
18.246706833773715,46.45701316323343,najran,sa,73.4,17,0,1.66,17.54,44.22
31.785613415599713,160.32318273401785,sentyabrskiy,ru,,,,,,
18.536793893029426,50.17535711585282,salalah,om,84.2,83,40,4.7,17.01,54.1
-12.380784212232086,104.71464650149312,palabuhanratu,id,,,,,,
-75.08033174390508,141.02488208974637,hobart,au,48.74,50,0,10.29,-42.88,147.33
65.77215605879172,-88.81531428172127,thompson,ca,59,100,40,4.7,55.74,-97.86
-14.547192431907447,-152.430314968688,faanui,pf,77.84,80,36,22.75,-16.48,-151.75
-22.50957607976507,-82.91384940677548,marcona,pe,,,,,,
61.39846473033148,178.93140831893965,beringovskiy,ru,48.14,77,99,13.35,63.05,179.32
62.24233866006148,139.86841531619893,solnechnyy,ru,53,98,100,5.37,50.72,136.64
36.48215547580321,9.859924936794044,quballat,tn,69.8,83,0,3.36,36.54,9.66
-1.6094399110017008,147.0692734626727,lorengau,pg,86.3,68,25,7.9,-2.02,147.27
25.901836624031176,-90.38805020790134,houma,us,77.07,88,1,3.22,29.6,-90.72
-37.046259415822995,-77.20845833132178,lebu,cl,50.84,63,8,12.39,-37.62,-73.65
16.477241898497866,11.66819584732815,bilma,ne,88.64,28,0,9.84,18.69,12.92
33.374827548301525,83.34981807321094,jumla,np,65.06,67,1,3.49,29.28,82.18
-6.894712445603474,83.74977283476983,hithadhoo,mv,83.24,71,67,3.51,-0.6,73.08
28.62449444907533,0.47350574973199855,adrar,dz,80.6,7,0,4.7,27.87,-0.29
4.5415563585331,51.13546648894334,hobyo,so,76.22,77,49,15.19,5.35,48.53
37.63555715429038,-55.27237149253732,saint-pierre,pm,46.16,87,7,9.84,46.77,-56.17
-21.05978900585872,-93.17707506678562,hualmay,pe,62.54,84,100,16.44,-11.1,-77.61
87.22742994883887,-159.53795385547505,barrow,us,65.89,82,1,5.82,39.51,-90.4
78.656977603537,43.37409487978741,ostrovnoy,ru,45.98,64,84,10.83,68.05,39.51
14.093837265646258,156.20056601423778,kavieng,pg,82.7,77,28,4.45,-2.57,150.8
43.193191069602705,-130.2338864916215,north bend,us,55.49,81,1,6.93,43.41,-124.22
6.651953314680085,38.83469293768948,hagere selam,et,50.12,92,34,2.06,6.48,38.52
49.30259707782761,-80.59348575308995,cochrane,ca,53.92,76,40,8.05,51.19,-114.47
79.91754178511837,119.30828499932352,saskylakh,ru,73.88,33,33,5.59,71.97,114.09
57.032725365808915,-90.21166760000737,sioux lookout,ca,60.1,100,90,5.82,50.1,-91.92
-42.81247928208162,-0.17047576308388557,saldanha,za,48.2,87,0,8.05,-33.01,17.94
64.287577858633,146.35104150019265,artyk,ru,,,,,,
52.02707295975412,-112.46249411507533,stettler,ca,57.99,75,95,5.01,52.32,-112.71
-40.55627806816468,-76.09928868009789,ancud,cl,39.2,100,75,6.93,-41.87,-73.83
-20.789421558916132,115.30091279257596,karratha,au,82.88,20,0,11.07,-20.74,116.85
-27.7077270258036,165.96035968225777,vao,nc,69.02,89,100,20.11,-22.67,167.48
-83.59305970610585,128.34467932647425,new norfolk,au,48.76,50,0,10.29,-42.78,147.06
-6.916188034140077,-173.21720411661013,sataua,ws,,,,,,
-59.5954691820758,-18.007118029330456,cidreira,br,66.86,74,100,6.87,-30.17,-50.22
-55.36748671142084,-173.1398235123206,vaini,to,78.8,74,75,6.93,-21.2,-175.2
4.657463592128138,-15.088665786997495,bonthe,sl,77.66,87,100,5.03,7.53,-12.5
37.95716443479222,7.440060096527418,carbonia,it,73.15,73,0,5.82,39.17,8.53
60.792494293730954,-40.400772455389216,nanortalik,gl,41.3,84,100,11.1,60.14,-45.24
38.39469430153446,11.980479370155479,trapani,it,71.64,83,0,2.24,38.02,12.54
35.57104716738981,-124.03518386533594,pacific grove,us,58.8,87,90,3.36,36.62,-121.92
48.408292782139256,-121.43994753958644,monroe,us,68.07,83,1,6.93,41.91,-83.4
43.359333664885156,158.16770662282977,severo-kurilsk,ru,44.9,88,63,5.59,50.68,156.12
-43.49726093880483,172.48083672505794,rolleston,nz,51.55,66,0,6.93,-43.6,172.38
42.217898312164294,-116.1245428394207,mountain home,us,70.16,25,1,11.41,43.13,-115.69
-16.334599956672292,72.49986189459591,quatre cocos,mu,72.72,68,20,16.11,-20.21,57.76
66.66985600811074,156.01434408654865,srednekolymsk,ru,79.1,27,49,12.26,67.46,153.71
82.91899908282531,165.44092755696755,pevek,ru,38.6,67,0,15.95,69.7,170.27
48.11200383188299,144.5589125632598,vakhrushev,ru,67.76,52,100,7.23,48.99,142.86
-42.479632787504464,-22.19164425413109,arraial do cabo,br,70.46,73,0,8.52,-22.97,-42.02
66.76293482731936,-104.89041332255525,yellowknife,ca,68,52,75,8.05,62.45,-114.38
59.73372768044814,96.91911447066093,boguchany,ru,77.48,32,100,7.07,58.38,97.46
-41.95761006397433,166.87020514298592,te anau,nz,45.98,71,5,7.9,-45.41,167.72
-58.973097804267816,66.73673874267877,saint-philippe,re,66.83,77,90,8.05,-21.36,55.77
-60.27875597287823,-15.307748251183341,cape town,za,55.62,81,20,11.41,-33.93,18.42
68.75686930435586,59.52600731365118,amderma,ru,,,,,,
-21.77154071726096,76.12441609180661,grand river south east,mu,,,,,,
-45.38435407917687,-29.855907351106964,laguna,br,,,,,,
-45.88242753609941,127.830846489946,esperance,au,62.6,55,40,12.75,-33.86,121.89
70.64040298829283,66.11856855076408,sovetskiy,ru,56.24,78,89,7.83,56.76,48.47
35.59675662496272,132.13350533999522,oda,jp,77,57,20,17.22,35.19,132.5
-46.18146802923833,-53.546328301951135,mar del plata,ar,36.98,53,69,24.58,-46.43,-67.52
-8.708212129494257,6.93510243148836,soyo,ao,74.6,78,54,10.8,-6.13,12.37
27.6239804425705,120.49429836636756,aojiang,cn,71.6,94,75,4.47,26.21,119.54
76.26363040321914,-51.10684608378335,upernavik,gl,37.16,89,100,13.96,72.79,-56.15
63.71907539592229,-29.06245879118677,olafsvik,is,,,,,,
84.2121092833464,31.42301615260928,berlevag,no,48.2,76,75,17.22,70.86,29.09
55.14366677280606,116.08782289295783,taksimo,ru,65.42,31,0,3.11,56.36,114.84
65.8011839055722,42.07034395248073,lukovetskiy,ru,48.2,87,40,8.95,64.29,41.92
10.139688871129394,69.00199018813854,kavaratti,in,86,74,20,6.93,10.57,72.64
-11.40780463525084,-85.73392500698411,chicama,pe,62.6,88,75,8.05,-7.84,-79.15
-9.651304448621488,46.719607667358076,domoni,km,78.74,70,0,7.18,-12.26,44.53
85.76467052714435,126.3180665937511,tiksi,ru,57.86,51,0,6.73,71.64,128.87
80.94819964093301,52.204715347147186,belushya guba,ru,,,,,,
47.71082442824829,-22.677946587716576,praia da vitoria,pt,65.61,68,75,12.75,38.73,-27.07
-9.026031340376576,17.1600584133692,malanje,ao,55.7,81,0,2.15,-9.54,16.35
-24.563901423481667,-22.22963516549561,caravelas,br,70.46,87,0,5.12,-17.73,-39.27
46.53867869568228,-128.74410579909124,ucluelet,ca,59.18,81,58,1.01,48.94,-125.55
46.17875791681578,-65.32115650389396,salisbury,ca,50,87,75,5.82,46.03,-65.04
-49.23485280634161,41.05976732226526,east london,za,55.4,76,0,9.17,-33.02,27.91
-31.715381306368876,117.24620498919035,northam,au,64.4,55,0,12.75,-31.65,116.67
2.9752220629570303,120.68777142466769,manuk mangkaw,ph,83.96,72,46,8.81,4.8,119.85
15.806119176147163,-24.651994429135783,ribeira brava,cv,,,,,,
44.218905735144375,28.31216370706713,castelu,ro,70.41,83,40,11.41,44.26,28.34
-8.745943539143937,-9.739242191821461,georgetown,sh,75.2,64,20,8.05,-7.93,-14.42
17.957055676402888,108.87607631494342,wanning,cn,87.92,64,100,2.62,18.8,110.4
54.14912138330172,-147.1370819519039,kodiak,us,68.11,52,1,5.82,39.95,-94.76
28.769971948862718,124.20506934482705,shenjiamen,cn,73.34,84,100,14.03,29.96,122.3
26.193586913513556,7.139719565274703,gat,ly,,,,,,
11.90290562586138,-14.8486410290474,bafata,gw,78.02,77,40,6.78,12.17,-14.67
3.2066516411800734,124.95836895304757,manado,id,89.6,55,20,2.24,1.49,124.85
89.32173746279719,-68.09881758585638,qaanaaq,gl,32.3,79,100,2.59,77.48,-69.36
40.72814656929546,-16.848559417522722,peniche,pt,59.97,82,20,1.12,39.36,-9.38
58.78093586882912,104.03389063637172,zheleznodorozhnyy,ru,63.48,55,0,6.71,55.75,38
54.5923505638834,50.216562176195424,novocheremshansk,ru,62,74,0,8.12,54.35,50.17
18.542553592309062,-105.25017307489456,san patricio,mx,77.48,82,0,2.86,19.22,-104.7
57.493544741701044,14.926986700895327,vetlanda,se,55.09,76,100,2.24,57.43,15.09
67.11158353198661,13.18590426291604,ornes,no,50,100,90,10.29,61.3,7.32
-0.29501974746953863,-72.0642961305229,miraflores,co,53.72,95,100,1.48,5.2,-73.14
42.30991422823712,71.91136810965611,talas,kg,62.06,88,0,5.37,42.52,72.24
0.05180861460560493,-59.822587356887624,boa vista,br,82.4,74,0,3.36,2.82,-60.67
43.58823722691204,-117.68378561158664,ontario,us,65.66,68,0,10.29,34.07,-117.65
-10.194467959834313,-45.206875039189214,corrente,br,70.82,59,98,1.3,-17.45,-44.68
-1.4323600801562861,-84.17613210009512,salinas,ec,53.18,91,67,2.71,0.49,-78.13
49.309791863332464,138.9008535044095,vysokogornyy,ru,72.8,63,99,16.31,50.1,139.13
58.64664448799752,8.382712239292772,amli,no,57.99,72,100,6.93,58.77,8.49
-29.949209161439427,27.948309169216145,quthing,ls,33.2,74,75,1.43,-30.4,27.7
-8.014348913036088,174.50207019535122,lolua,tv,,,,,,
85.64760565084663,37.29156964816079,vardo,no,51.8,71,0,11.41,70.37,31.11
56.95502522822187,-52.40022270306423,paamiut,gl,39.86,91,100,26.51,61.99,-49.67
50.538995502807666,-83.91621280556556,hearst,ca,58.94,95,100,9.51,49.69,-83.67
32.14803245917524,-7.889668991952448,marrakesh,ma,64.4,82,0,6.93,31.63,-7.99
81.60848670080992,147.03132538260763,chokurdakh,ru,76.58,29,47,13.6,70.62,147.9
43.637227028476445,133.92254170390237,chuguyevka,ru,81.44,44,86,7.87,44.17,133.87
14.467839899263836,-5.128908082720272,tenenkou,ml,91.7,29,0,9.37,14.46,-4.91
24.167916944732752,-100.87706399248191,cedral,mx,70.1,54,49,9.95,23.82,-100.72
71.67021949921065,-2.8359039842410425,klaksvik,fo,46.4,87,1,3.24,62.23,-6.59
-38.705935312503215,-49.862966353870235,rocha,uy,64.52,91,100,16.84,-34.48,-54.34
10.18584071131852,-67.60543854820624,maracay,ve,78.74,89,100,5.28,10.25,-67.6
-23.759615047978542,-93.2337299851578,pisco,pe,58.93,82,0,8.05,-13.71,-76.2
26.085885196866613,28.808894005928693,asyut,eg,77,61,0,11.41,27.18,31.19
2.982121778869825,103.1295954775307,segamat,my,87.17,74,75,8.05,2.51,102.82
-34.302861460624015,-62.82161562362256,venado tuerto,ar,53.01,38,100,18.01,-33.75,-61.97
44.70873267238355,-116.93562610195565,weiser,us,69.51,26,1,3.36,44.25,-116.97
55.90414341161218,130.87582985179995,chagda,ru,,,,,,
71.42130776404963,140.02284888561877,deputatskiy,ru,71,35,0,15.73,69.3,139.9
53.76627192619125,79.71446271790631,khabary,ru,65.06,63,0,2.86,53.63,79.53
62.823912130013554,4.8113907611630395,raudeberg,no,52.84,93,75,9.17,61.99,5.14
0.3419557411512386,-15.118118896575623,monrovia,lr,75.2,94,40,1.79,6.33,-10.8
-32.25390486135863,178.09812550569723,ngunguru,nz,55,92,3,5.99,-35.62,174.5
-7.939739602467938,54.39038843669502,victoria,sc,80.6,88,40,10.29,-4.62,55.45
43.64741539882317,-16.33399877161102,muros,es,56.17,100,20,14.88,42.77,-9.06
2.4093998822142595,34.084405613650546,katakwi,ug,64.88,93,87,4.79,1.91,33.96
-38.05365392171127,170.75377152642722,okato,nz,52.05,48,0,3,-39.19,173.88
5.345866176888876,-104.02009064936821,acapulco,mx,78.8,94,90,8.05,16.86,-99.88
45.96191711467063,24.842688775717846,cincu,ro,62.02,93,40,1.12,45.91,24.8
-34.015005203965174,145.9738970127703,griffith,au,58.28,71,100,6.93,-34.29,146.06
57.85358970880452,66.0178688329363,nizhnyaya tavda,ru,61.64,64,87,5.68,57.67,66.17
36.538917894552824,-90.29155194850333,poplar bluff,us,73.49,83,1,3.36,36.76,-90.39
30.553381152111868,132.80755102916027,nichinan,jp,79.81,65,75,10.29,31.65,131.31
12.31590170196398,34.029844695264046,galgani,sd,,,,,,
-3.504835789953262,132.68537653730579,tual,id,79.46,83,14,21.88,-5.67,132.75
41.68488585483101,-6.5267557374552325,braganca,pt,56.14,99,94,2.1,41.81,-6.76
73.22885449220004,70.0070812680571,yar-sale,ru,40.04,73,94,4.99,66.83,70.83
10.778638399935986,44.19512718039502,berbera,so,87.56,63,0,1.5,10.44,45.01
-28.049963153862564,99.59944348078085,carnarvon,au,73.4,69,75,3.36,-24.87,113.63
66.22168599001532,141.27480001515772,khonuu,ru,,,,,,
-29.156772017026107,163.42707639285123,noumea,nc,78.8,61,90,5.82,-22.28,166.46
48.55753834415094,-84.91897042049764,wawa,ca,53,99,100,0.74,47.99,-84.77
-19.505049059355244,133.80800927558812,alice springs,au,64.4,16,0,9.17,-23.7,133.88
13.013854847485504,-75.6900654315926,puerto colombia,co,80.6,88,75,3.36,10.99,-74.96
11.652628566811373,-9.771538550684198,siguiri,gn,77.12,78,24,6.53,11.42,-9.17
24.856646491871842,-58.42888306489692,codrington,ag,,,,,,
44.62225289849272,51.41755926211417,shetpe,kz,90.08,17,100,8.32,44.14,52.16
-88.18579730959135,38.799176328380554,port elizabeth,za,57.2,93,90,8.05,-33.92,25.57
43.44126912656574,138.64486166827152,iwanai,jp,69.56,66,2,5.84,42.97,140.51
69.47963575431677,87.15846103892443,kayerkan,ru,57.2,82,75,15.66,69.35,87.76
-42.74341951225342,70.25905472210451,souillac,mu,72.84,68,20,16.11,-20.52,57.52
-71.0867346559585,167.0748865776804,bluff,nz,50,80,90,13,-46.6,168.33
-13.92604011324255,-178.7440129120703,halalo,wf,,,,,,
-28.37031395820396,2.922269750826871,luderitz,na,48.2,100,33,2.24,-26.65,15.16
-4.5655209821713925,144.2067808236132,angoram,pg,90.98,59,64,1.68,-4.06,144.07
44.26666636606279,-10.206186706129557,carballo,es,56.52,100,0,2.24,43.21,-8.69
15.303279337265408,-93.07566518241995,mapastepec,mx,76.58,90,100,3.71,15.44,-92.9
56.39225884412633,122.48028131082663,khani,ru,,,,,,
43.43309173787685,22.143759751288655,svrljig,rs,63.7,100,0,1.12,43.41,22.12
71.91203474718782,18.45170108378099,tromso,no,48.2,81,75,13.87,69.65,18.96
74.83681992133594,-65.80130932086371,narsaq,gl,48.2,87,75,5.82,60.91,-46.05
4.203688851703333,-54.865154601958395,grand-santi,gf,71.9,98,69,1.41,4.27,-54.38
0.787501737417216,128.2834844391994,tidore,id,,,,,,
61.886075275458694,-11.037938158218623,sorvag,fo,,,,,,
60.248922770043635,-13.361338307450723,hofn,is,43.46,68,100,6.71,64.25,-15.21
39.2134991700114,-60.670848402215256,halifax,ca,56.8,76,90,4.7,44.65,-63.58
21.368452671556994,40.12310975327844,mecca,sa,83.6,36,0,5.59,21.43,39.83
15.26786664049466,39.16897628611531,ginda,er,,,,,,
26.71560620080011,-58.862368146789095,saint george,bm,77,57,75,8.05,32.38,-64.68
-16.790642074644353,-30.36709473467971,belmonte,br,60.74,87,100,3.11,-26.84,-53.58
-44.75397639761502,136.39266038813264,mount gambier,au,55.4,62,0,10.29,-37.83,140.78
47.85466939193188,-66.71045250386169,campbellton,ca,46.88,62,0,1.32,48,-66.68
-7.772207552607753,107.00110398801667,banjar,id,80,62,81,3.33,-7.37,108.54
-9.387822473799417,-178.34717594042843,vaitupu,wf,,,,,,
32.095680427916975,130.72517614877734,okuchi,jp,80.6,57,75,10.29,32.07,130.62
-7.2488056333907025,98.14616086440662,bengkulu,id,,,,,,
13.996233566529483,-129.92281814392518,guerrero negro,mx,63.8,87,0,17.43,27.97,-114.04
36.30106191701286,-13.136184225761014,cascais,pt,62.4,82,20,1.12,38.7,-9.42
29.68788338715457,136.42841809476772,shingu,jp,77,73,40,13.87,33.72,135.99
-14.01051046302429,41.68461799700063,nacala,mz,65.78,95,0,7.14,-14.56,40.69
13.579286422801985,-28.055627849803017,sao filipe,cv,74.42,83,65,18.21,14.9,-24.5
36.170488082389795,-6.19286545388303,conil,es,,,,,,
-30.310952971756976,108.08698816770425,geraldton,au,66.2,68,0,5.82,-28.77,114.6
-15.304623267900254,-42.48619898651617,rio pardo de minas,br,65.24,76,37,5.1,-15.62,-42.55
7.630683531244429,119.12486909337389,cagayan de tawi-tawi,ph,,,,,,
21.016726947573005,-111.32901807005358,cabo san lucas,mx,78.42,18,5,10.29,22.89,-109.91
10.441761579158353,108.15242829605518,phan thiet,vn,88.1,60,76,7.25,10.93,108.1
-25.891290327783665,28.176153096194923,verwoerdburg,za,,,,,,
15.146671885070788,2.368231645583961,ouallam,ne,85.94,55,3,22.39,14.32,2.08
68.9083704346451,179.10417035914168,leningradskiy,ru,37.7,75,0,8.55,69.38,178.42
-1.754510237657783,-7.917660511526208,harper,lr,76.58,86,96,10.78,4.38,-7.71
-15.168260916101772,128.6016507441921,kununurra,au,78.8,9,0,10.29,-15.77,128.74
25.63724548446487,66.46578260532971,uthal,pk,84.86,66,0,0.78,25.81,66.62
23.634722726351598,141.80009284927098,shimoda,jp,74.32,78,75,10.29,34.7,138.93
62.541666233445085,82.97534462873472,krasnoselkup,ru,,,,,,
-10.098054936829072,-71.64537793431094,tarauaca,br,72.62,87,9,2.91,-8.16,-70.77
-5.699707924419897,4.314432839278794,omboue,ga,74.96,82,47,12.33,-1.57,9.26
2.17516278253089,95.01909857843197,meulaboh,id,82.52,73,98,5.79,4.14,96.13
-49.98904291293034,-59.36508527249093,rawson,ar,38.06,55,2,10.89,-43.3,-65.11
10.948796904869837,18.443812301152064,melfi,td,81.08,64,79,6.8,11.06,17.94
31.85116278835862,8.195823750874723,duz,tn,,,,,,
53.940856373786744,-3.782910748994624,whitehaven,gb,59.22,97,100,11.03,54.55,-3.58
13.76815787031677,25.061073588638067,kutum,sd,79.1,17,100,5.26,14.2,24.66
-22.68966120858778,-52.36305936638864,teodoro sampaio,br,64.34,63,0,8.05,-22.53,-52.17
64.5376872729799,-44.53261319209017,qaqortoq,gl,48.2,87,75,5.82,60.72,-46.03
-7.465170594704503,-30.003905037747984,pitimbu,br,71.6,100,20,3.36,-7.47,-34.81
36.335250114122175,-118.11680498730512,ridgecrest,us,84.34,21,71,4,35.62,-117.67
-27.266505939376962,-69.65596025564993,copiapo,cl,55.4,82,0,3.36,-27.37,-70.33
68.55990416519967,43.805340687983545,kamenka,ru,68,46,95,8.86,53.19,44.05
20.970781053997882,22.690981380181995,faya,td,,,,,,
62.48496899413439,175.8476555207714,anadyr,ru,51.39,62,40,11.18,64.73,177.51
-27.285817657460555,27.509380512597602,koppies,za,37.16,34,25,3.69,-27.24,27.57
15.250187506886661,99.90100258996364,uthai thani,th,89.54,60,100,8.3,15.37,100.05
56.274503116176334,17.011888066989314,kalmar,se,54.37,93,100,2.24,56.66,16.36
-3.057936085337033,-84.0387636143324,el alto,pe,,,,,,
31.995573793214533,-87.34597530781143,selma,us,83.62,44,1,6.93,36.57,-119.61
24.26845921666073,102.66747758946786,zhoucheng,cn,78.8,69,75,13.42,31.35,119.33
-9.391624626741716,-69.74475135104929,manoel urbano,br,74.06,77,61,2.39,-8.84,-69.26
42.89884502304699,36.08398446261006,sinop,tr,71.72,69,0,3.29,42.03,35.15
63.4668194977759,8.797744454576105,fillan,no,52,93,75,3.36,63.6,8.98
55.41850075190959,23.798979374457048,dotnuva,lt,57.2,67,0,2.24,55.37,23.89
37.782954641168686,-117.64256593157072,orange cove,us,83.95,37,75,9.17,36.62,-119.31
86.22925445765384,93.16740001739345,khatanga,ru,80.9,32,18,15.03,71.98,102.47
19.273059313362367,-118.93041682578485,constitucion,mx,74.89,25,90,4.7,23.99,-104.67
37.97623928071927,78.16863209392812,shache,cn,75,89,100,6.08,38.42,77.24
-22.679736427689377,-50.52363104353387,taruma,br,,,,,,
45.13706375377717,-74.06298997549932,ormstown,ca,63.66,32,40,9.17,45.13,-73.99
-20.31825994830767,10.971596451184894,opuwo,na,43.82,82,0,0.72,-18.06,13.84
-7.103000685634299,35.45267829861666,izazi,tz,60.56,76,0,2.98,-7.24,35.72
34.43026875137069,54.15996426224211,semnan,ir,76.4,17,0,1.36,35.58,53.39
6.429889071665642,-45.36400956820776,saint-georges,gf,,,,,,
67.20735089430849,127.7286973455162,batagay-alyta,ru,64.7,44,57,6.33,67.8,130.41
-9.4599804060324,161.6208114930497,kirakira,sb,84.14,74,99,8.59,-10.46,161.92
-1.9283089540020768,-53.412876180468174,prainha,br,72.98,98,7,1.83,-1.8,-53.48
-32.459065727726674,-70.88144093769745,cabildo,cl,42.8,87,0,9.17,-32.43,-71.07
29.750159010232693,-28.086170990979042,ponta delgada,pt,64.4,77,75,5.82,37.73,-25.67
43.32604411207279,75.0297075824347,georgiyevka,kz,78.8,31,0,4.47,43.04,74.71
-8.042192061583918,3.247297249956432,gamba,ga,72.26,86,59,6.17,-2.72,10.02
-27.49307788549143,-66.8831454495922,catamarca,ar,,,,,,
2.705239351460463,97.59152161059853,kabanjahe,id,83.24,63,100,1.77,3.1,98.49
18.342100512689186,135.17206188996187,nishihara,jp,79.21,73,75,6.93,35.74,139.53
58.21955182918947,47.96986939802429,kotelnich,ru,53.9,77,0,7.45,58.31,48.34
47.287762790926905,9.283823333356622,herisau,ch,62.98,88,0,5.82,47.39,9.28
17.763733336284616,-36.92022223767543,ponta do sol,cv,75.2,78,75,18.34,17.2,-25.09
42.80535168511494,26.778354767879677,sungurlare,bg,69.58,78,0,9.17,42.77,26.78
-19.227841273870624,59.091910497558814,grand gaube,mu,72.54,68,20,16.11,-20.01,57.66
15.647501509907357,-161.37603664862255,makakilo city,us,79.34,88,90,6.93,21.35,-158.09
4.507745705399259,34.42841250797997,kapoeta,sd,,,,,,
-48.441289777163185,46.85817111669505,tsihombe,mg,,,,,,
36.92174134561351,-103.69013204368342,raton,us,64.06,34,1,9.17,36.9,-104.44
54.96600329487211,131.7221280448607,stoyba,ru,,,,,,
57.125899569325355,-119.98174396414666,fort saint john,ca,,,,,,
39.450809537099815,59.27126005277037,annau,tm,87.8,22,0,2.24,37.89,58.52
-8.666112983745435,-78.3222424831888,santa,pe,,,,,,
25.633348002176675,84.44565084233562,shahpur,in,89.72,52,77,9.4,22.19,77.91
5.879767399086205,28.00359342903576,tambura,sd,,,,,,
-0.3356763722828191,0.5362690161426258,takoradi,gh,73.7,95,89,5.48,4.89,-1.75
57.277108921768075,-115.06647537785011,slave lake,ca,55.4,93,75,8.05,55.28,-114.77
64.4601688355398,51.727415769680135,ust-tsilma,ru,45.62,67,85,7.81,65.44,52.15
25.992628686689244,-76.73370292200966,dunmore town,bs,83.24,67,0,2.35,25.5,-76.65
20.66111582866334,-66.64356153281759,hatillo,us,,,,,,
39.52409959376308,-28.32472691397939,lagoa,pt,63.16,72,0,4.7,37.14,-8.45
10.618387286620006,128.6596948348378,pilar,ph,87.93,83,75,4.7,14.67,120.55
50.62981112258399,-114.54346209923902,black diamond,ca,53.87,76,40,8.05,50.69,-114.23
5.25617962859404,114.08509931131925,miri,my,87.28,74,75,2.24,4.41,114.01
-29.016299051965916,-61.05761653522802,reconquista,ar,69.02,71,100,6.53,-29.14,-59.64
-7.635681333965948,121.42776698445493,ende,id,77.12,79,28,11.59,-8.84,121.65
-5.594350318350266,46.877343942164146,bur gabo,so,,,,,,
-29.677128478689625,16.275958059785978,oranjemund,na,54.98,93,93,7.43,-28.55,16.43
49.17093622053929,130.342060569892,arkhara,ru,62.54,87,100,6.78,49.42,130.09
-0.16858121700064999,-67.36520820425991,sao gabriel da cachoeira,br,72.98,97,100,2.15,-0.13,-67.09
11.201936772377294,14.10608879634944,mora,cm,81.26,64,100,4.07,11.05,14.13
7.393470574413769,7.602297345652744,ankpa,ng,68.84,98,100,2.15,7.37,7.63
-52.1626520778461,174.94898960897018,dunedin,nz,52,63,100,8.99,-45.87,170.5
-23.30646917915257,-32.61930686740527,vila velha,br,81.75,78,20,8.05,-3.71,-38.6
36.82942065091299,110.70058767664796,xinzhi,cn,76.4,36,3,8.99,36.5,111.7
8.790852995672466,85.57225668366084,kalmunai,lk,86.66,58,44,2.26,7.42,81.82
-40.059937443622616,146.03293424486418,burnie,au,50.12,82,100,4.38,-41.05,145.91
15.788168654983565,8.738368935494037,tanout,ne,90.8,39,74,17.78,14.97,8.88
52.55370912431272,-48.75177464619574,bonavista,ca,43,84,100,1.01,48.65,-53.11
58.79141171741338,158.20970123657798,tigil,ru,58.94,58,100,12.82,57.8,158.67
59.164491981844265,-87.84006838961469,attawapiskat,ca,,,,,,
53.84097592311542,-16.577643419554477,dingle,ie,58.22,90,22,9.55,52.14,-10.27
4.501777717567933,89.47779646647092,banda aceh,id,83.78,74,100,20.13,5.56,95.32
6.878481934198021,139.64839724594418,airai,pw,,,,,,
1.437378485489205,34.76635109362027,kapchorwa,ug,65.78,92,77,3.04,1.4,34.45
-1.8022295658795855,-88.4887788177425,san cristobal,ec,75.14,83,100,1.36,-1.02,-79.44
43.50824921517048,114.01029548879234,erenhot,cn,83.96,35,38,10.42,43.65,111.97
2.0355254104690914,-47.13034546843815,salinopolis,br,82.16,77,0,15.08,-0.61,-47.36
-5.834426786087477,108.30451725079178,indramayu,id,78.56,67,98,4,-4.05,103.78
-30.71902115748599,-73.90176656213505,coquimbo,cl,53.28,81,90,3.36,-29.95,-71.34
15.941952921871646,61.27457847442446,sur,om,83.96,64,100,8.68,22.57,59.53
43.08262120684759,17.235710216468902,korcula,hr,69.8,68,20,4.7,42.96,17.14
11.776583363329777,-13.990919117460578,gabu,gw,78.38,70,0,5.28,12.28,-14.22
21.026301592475775,121.76290142096167,basco,ph,85.76,70,96,5.7,20.45,121.97
62.49685600118107,104.49539753472703,vanavara,ru,75.68,37,0,8.3,60.35,102.28
-19.685216681339668,-67.64476943183415,uyuni,bo,35.72,27,0,10.67,-20.46,-66.82
19.07167400220858,74.52950545868202,ahmadnagar,in,78.38,70,62,3.22,19.09,74.75
82.35169353423345,38.74947065897305,tumannyy,ru,,,,,,
-22.276048583690525,15.089338638112935,arandis,na,53.01,93,0,3,-22.42,14.98
58.68943032352206,-116.87542119932486,high level,ca,64.4,68,75,5.82,58.52,-117.13
59.77032855525471,-56.83084933172327,nuuk,gl,46.4,93,75,20.8,64.17,-51.74
5.6070137337373325,44.11196224117927,xuddur,so,71.72,82,23,17.18,4.12,43.89
-3.362488495914377,22.599762523458224,lodja,cd,69.2,52,0,1.77,-3.52,23.6
15.293541113861892,-48.00191968723229,sinnamary,gf,80.54,80,0,11.45,5.38,-52.96
45.5668222416094,64.10165680138303,dzhusaly,kz,,,,,,
71.84318611147069,6.9214455796351615,sorland,no,48.86,87,74,18.03,67.67,12.69
-14.37452245845192,-169.33938999783166,satitoa,ws,,,,,,
61.18066730559656,7.571602503259214,laerdalsoyri,no,46.83,100,90,10.29,61.1,7.48
37.39869262194979,92.29410308007442,hami,cn,80,20,5,4.56,42.84,93.51
-21.847131371318397,-45.22747725082539,cambuquira,br,55,89,0,4.34,-21.85,-45.3
-3.520907148134725,47.01617955677986,kismayo,so,,,,,,
61.26820212840849,166.0839864043881,tilichiki,ru,56.06,71,100,4.25,60.47,166.1
4.328884555436616,79.94291503043974,weligama,lk,83.42,80,100,16.75,5.97,80.42
59.53376822873636,146.25835743516615,okhotsk,ru,53.54,71,96,11.41,59.36,143.24
48.84484622745924,69.06621936545187,zhezkazgan,kz,84.2,21,17,6.71,47.8,67.71
-3.6878895510798486,171.50953041654503,utiroa,ki,,,,,,
31.093739019230313,1.7262453725573152,aflu,dz,,,,,,
33.49609144924307,126.54880200396849,fukue,jp,83.77,54,40,6.93,35.03,136.69
60.67613169139079,-124.77324537387156,fort nelson,ca,68,56,75,5.82,58.81,-122.69
54.24919612215183,143.7223594441059,okha,ru,44.72,97,100,13.91,53.59,142.95
51.46710685732222,-65.01569473340251,sept-iles,ca,50.47,76,5,3.36,50.2,-66.38
29.87320175350692,-13.650013238420343,teguise,es,71.6,78,0,2.24,29.06,-13.56
42.54651237989128,31.878643942021597,zonguldak,tr,66.2,93,20,4.7,41.25,31.83
28.008229211865682,94.47904863373566,basar,in,80.6,88,75,8.05,27.98,94.69
-11.037012563776528,145.29580002060902,port moresby,pg,80.6,83,90,28.86,-9.47,147.16
29.712396563319373,-134.8031780274036,half moon bay,us,62.62,72,1,9.17,37.46,-122.43
-27.530741537277258,-46.10344354358094,florianopolis,br,63.55,88,0,4.7,-27.6,-48.55
38.62557320018317,-11.461561554871537,colares,pt,63,82,40,3.36,38.8,-9.45
-3.271946078405165,-69.85301464388198,puerto narino,co,78.8,100,75,1.54,-3.77,-70.38
60.95662551101151,84.05120929884782,belyy yar,ru,64.4,45,0,4.47,53.6,91.39
-12.945594031670325,-169.8424719611072,samusu,ws,,,,,,
19.66765209993973,-157.3106063089976,lahaina,us,80.83,58,40,6.93,20.87,-156.68
23.045409147384646,-12.76729619270668,atar,mr,87.56,13,0,9.51,20.52,-13.05
-10.052250095387649,37.04151141273405,liwale,tz,56.42,74,0,2.04,-9.8,37.92
56.647961344255464,-128.00496535765672,smithers,ca,64.4,42,40,11.41,54.78,-127.17
63.53711971776269,155.73138000167768,dukat,ru,53.9,55,100,9.46,62.55,155.55
-44.613962986045266,-73.99931376186655,coihaique,cl,35.6,99,75,5.82,-45.58,-72.07
50.88456605359457,20.58526796735191,kielce,pl,65.23,1,0,5.37,50.87,20.63
-31.724941756343647,159.98532513231135,sawtell,au,62.94,93,75,13.87,-30.38,153.1
45.59382601257687,-95.95092665965706,alexandria,us,72.95,88,90,6.93,38.81,-77.05
52.122681167143014,75.70936720273409,ekibastuz,kz,69.56,61,2,2.19,51.72,75.32
39.128769091504836,100.88530828246269,zhangye,cn,62.18,59,100,4.72,38.94,100.46
-32.36243184383179,34.85233138433057,richards bay,za,65.6,71,0,9.4,-28.77,32.06
-18.4637058016241,-58.27592505807442,puerto suarez,bo,74.06,40,0,9.06,-18.96,-57.8
-12.143318214339814,110.83946055625358,boyolangu,id,80.18,56,0,3.29,-8.09,111.9
30.40281758216865,108.47892853786499,lichuan,cn,70.82,80,100,0.65,30.3,108.94
43.807135885051565,-21.04565952340431,vila franca do campo,pt,64.4,77,75,5.82,37.72,-25.43
55.64321364655402,69.50510879405408,kazanskoye,ru,,,,,,
25.652886729430804,-17.585677708191895,arona,es,69.48,73,40,2.24,28.1,-16.68
17.728697023018057,104.0854716142245,seka,th,86.84,70,100,8.1,17.93,103.96
64.60177984304414,93.2280476484629,severo-yeniseyskiy,ru,73.7,47,76,4.56,60.37,93.04
34.75553857823584,13.901713478081916,dingli,mt,73.99,94,40,6.93,35.86,14.38
56.96989644258289,32.38808117113021,andreapol,ru,52.46,76,34,3.8,56.65,32.27
38.68584824559167,-118.37487017845405,fallon,us,55.4,82,1,6.93,46.84,-105.12
62.42379735443703,-117.32318331713218,hay river,ca,57.2,76,75,3.36,60.82,-115.79
56.08422804264279,73.85841205836019,kolosovka,ru,64.34,92,93,3.53,56.47,73.61
-39.57729272534039,-76.01080175981814,valdivia,cl,37.4,100,90,1.12,-39.81,-73.25
34.02806380925249,-76.40519229825686,havelock,us,78.96,78,1,11.41,34.88,-76.9
5.45055126152694,76.96770794440823,kanniyakumari,in,81.62,83,100,20.92,8.08,77.57
68.62542367555344,108.26586741401599,aykhal,ru,75.2,31,0,6.71,65.95,111.51
27.557511590032007,-128.74981840924087,lompoc,us,58.84,93,90,3.36,34.64,-120.46
70.30536004569296,-163.83822703514093,nome,us,76.26,83,1,5.82,30.04,-94.42
21.836630406545538,-0.5209053465544571,tessalit,ml,92.96,8,0,8.57,20.2,1.01
40.6819693310847,-76.75194354079471,sunbury,us,73.45,69,1,3.36,40.86,-76.79
68.03930513912405,-179.88718348520996,mys shmidta,ru,,,,,,
-21.809871475953557,121.11990745264995,port hedland,au,84.2,9,0,13.87,-20.31,118.58
8.562061831420195,105.80207902090501,bac lieu,vn,,,,,,
50.09177660568662,3.20251835087754,cambrai,fr,64.69,93,100,3.36,50.18,3.24
-7.7084115377592894,30.405608392085583,kirando,tz,73.16,61,0,17.09,-7.37,30.62
1.4103199672222217,49.063838976346204,mogadishu,so,74.6,90,39,7.45,2.04,45.34
21.8151958606621,35.52042238568376,sinkat,sd,,,,,,
10.691677907748897,-63.77451114676913,porlamar,ve,77.12,90,81,9.17,10.96,-63.85
-22.753832927492297,164.314504950026,poya,nc,71,85,22,15.5,-21.35,165.16
13.273386271850455,112.6216115857261,tuy hoa,vn,90.08,51,100,8.21,13.08,109.3
6.751104777105439,-57.5769993761602,mahaicony,gy,,,,,,
1.6492680076040216,-166.02065168211797,saleaula,ws,,,,,,
33.71725837866758,10.909521698786449,jarjis,tn,,,,,,
75.07384408046232,-171.89743367181802,lavrentiya,ru,39.32,74,100,6.4,65.58,-170.99
41.541262452822906,59.8656199980052,dasoguz,tm,84.2,28,0,9.17,41.84,59.97
49.66699509914517,-85.44520694384016,manitouwadge,ca,56.24,97,100,5.12,49.12,-85.84
-35.252604067737096,138.5132030049083,victor harbor,au,58.17,31,0,9.17,-35.55,138.62
13.906137258979598,-43.6423581906588,cayenne,gf,75.2,100,0,2.84,4.94,-52.33
66.53803338139693,45.222108933300746,mezen,ru,46.88,66,38,9.19,65.85,44.24
33.887659078380594,-115.4570278605204,twentynine palms,us,83.08,11,1,16.11,34.14,-116.05
45.58804208626594,16.185716065372446,velika gorica,hr,66.06,93,20,1.12,45.72,16.07
54.404219630501444,161.3057073535618,klyuchi,ru,69.56,48,0,5.1,52.25,79.17
10.659804013350964,-60.083834913611014,scarborough,tt,80.6,74,20,4.7,11.18,-60.73
-53.94540530642471,25.771287452039047,kruisfontein,za,51.92,96,31,4.63,-34,24.73
-19.97954308254559,-40.024578729261805,aracruz,br,70.39,88,0,3.36,-19.82,-40.27
62.28981089950514,133.27083734519908,churapcha,ru,70.64,41,5,10.56,62,132.43
60.753435188208755,71.99703109842795,cheuskiny,ru,,,,,,
54.05234150439847,99.62063441216765,shumskiy,ru,50.12,95,100,13.78,54.83,99.13
50.807119823625385,46.21084189828318,rovnoye,ru,66.68,89,75,13.18,50.78,46.06
63.32010815833735,162.42332964600615,evensk,ru,58.22,70,100,2.84,61.92,159.24
85.85779064300252,22.830318424426224,longyearbyen,sj,42.8,87,90,6.93,78.22,15.64
34.56424633955851,-103.64216092633039,clovis,us,80.47,44,1,6.93,36.83,-119.7
7.049455138560333,23.28890039725445,ouadda,cf,67.22,98,100,5.08,8.07,22.4
50.5924079454241,87.59828089636807,aktash,ru,36.98,90,100,5.32,50.31,87.6
-31.905531187630523,-75.65826647580164,valparaiso,cl,41.72,87,0,9.17,-33.04,-71.63
53.00349351217611,40.19472667205295,pervomayskiy,ru,56.6,76,28,8.48,53.24,40.29
41.291807396288675,44.594440230908106,bolnisi,ge,75.2,73,75,20.8,41.45,44.54
-1.079080656318979,-48.462526706975694,ananindeua,br,75.2,100,0,3.36,-1.37,-48.4
51.090877260205986,72.57470800632842,osakarovka,kz,68.12,76,33,4.81,50.56,72.58
43.9711829833314,-7.477981024044368,cervo,es,56.98,1,78,5.91,43.67,-7.41
8.318748820937671,90.03864499890187,port blair,in,82.4,83,75,5.82,11.67,92.75
-19.136748840800166,135.18436450118327,ngukurr,au,,,,,,
69.49287498012495,167.48778717028154,bilibino,ru,68.48,27,4,11.61,68.06,166.44
53.86013410655826,51.95039184418749,podbelsk,ru,,,,,,
69.68177424005901,137.0311723989446,ust-kuyga,ru,78.56,30,71,12.1,70,135.55
-35.23271433636102,161.9052176866528,port macquarie,au,62.38,59,40,11.41,-31.43,152.91
7.739832652141203,27.773454324966906,waw,sd,,,,,,
41.744131428363005,65.81981654654828,nurota,uz,84.2,25,0,4.7,40.56,65.69
-20.014959192348584,137.7830586020807,mount isa,au,73.4,23,0,10.29,-20.73,139.49
50.09628482570636,-132.40170236698197,prince rupert,ca,57.2,82,90,5.82,54.32,-130.32
-3.3132521826090624,109.51413516981506,manggar,id,86.48,60,77,9.82,-2.88,108.27
42.845727006054545,66.6559312838368,zhanakorgan,kz,87.92,16,0,10.56,43.91,67.25
0.1265009002707842,84.01918474465697,hambantota,lk,87.8,79,75,14.99,6.12,81.12
45.39798889569914,36.209704093201424,baherove,ua,74.96,74,0,2.51,45.37,36.3
-18.549300571263316,-153.3504833495295,tevaitoa,pf,77.12,79,3,23.11,-16.78,-151.5
41.41372650930157,135.52911266106804,preobrazheniye,ru,74.6,50,100,6.98,42.9,133.91
13.133332806797227,-23.822453686861877,praia,cv,75.2,78,75,12.75,14.92,-23.51
40.55066152431229,15.775019787486968,potenza,it,61.46,75,0,1.86,40.64,15.8
-22.438703155256732,46.31451668875175,ihosy,mg,53.9,93,0,3.42,-22.4,46.13
2.3767950456041547,-78.65452002815998,mosquera,co,53.6,81,75,4.7,4.71,-74.23
30.931581454414115,88.45628195757718,lasa,cn,,,,,,
11.538836504829106,12.981572690818666,maiduguri,ng,83.06,53,0,12.46,11.84,13.15
-18.596640503428773,-43.59640135846996,serro,br,60.74,89,48,1.05,-18.6,-43.38
3.8363524625806775,176.84680728100608,rawannawi,ki,,,,,,
40.91320116205577,78.68550930382423,kyzyl-suu,kg,61.28,58,99,6.98,42.34,78
48.46602095585337,-113.19959862049036,cardston,ca,55.58,62,90,3.78,49.2,-113.32
14.457910718037084,-99.93301473160014,tecoanapa,mx,80.6,88,90,9.17,16.99,-99.26
-23.62801149705456,176.0732508798552,isangel,vu,80.6,69,40,14.99,-19.55,169.27
-9.27425836359734,154.34233442031052,gizo,sb,82.52,77,83,12.21,-8.1,156.84
46.32755004897808,-107.71648003552951,billings,us,56.52,76,90,4.7,45.79,-108.5
-9.25935606116984,-44.807535097074066,bom jesus,br,69.38,68,40,1.03,-9.08,-44.36
14.00414231265242,106.40984746441637,lumphat,kh,85.58,74,100,4.03,13.5,106.97
5.3207776985351245,115.36106620350233,labuan,my,89.91,63,75,3.36,5.33,115.2
42.71104759320983,86.94550746319027,korla,cn,67.22,40,100,3.98,41.76,86.15
22.4256054345245,32.230397286415894,aswan,eg,84.2,23,0,6.93,24.09,32.9
-18.00256668041149,57.49293325300323,cap malheureux,mu,72.48,68,20,16.11,-19.98,57.61
27.404098854826543,90.42095541647416,tongsa,bt,,,,,,
60.45573452281903,8.268883759862632,geilo,no,45.34,88,100,4.32,60.53,8.21
51.396498216808084,-173.49622392667223,provideniya,ru,44.6,81,90,15.66,64.42,-173.23
47.795482910597,61.146238632638585,kazalinsk,kz,,,,,,
73.91928843299209,25.36588095603628,havoysund,no,46.4,81,75,23.04,71,24.66
8.62250099874882,-8.045037378544208,touba,ci,68.66,98,59,5.64,8.28,-7.68
44.337416872914986,89.33323726031028,urumqi,cn,,,,,,
41.62719378699023,141.89412041594335,mutsu,jp,69.13,82,20,5.82,41.29,141.2
25.567733865756992,107.04708926496357,xiaoweizhai,cn,71.36,85,100,2.89,26.23,107.51
13.751214674792777,-95.1021308015145,xadani,mx,,,,,,
-28.86671076775051,128.3720891858457,yulara,au,68,15,0,5.82,-25.24,130.99
27.659061613466974,113.42010600347237,liling,cn,82.4,61,40,4.47,27.65,113.49
44.945314083597424,109.56860701121957,darhan,mn,71.9,47,76,13.53,49.49,105.92
34.939925171228765,13.019120811544411,san lawrenz,mt,74.03,94,40,6.93,36.06,14.2
51.407684154710495,-122.84080877084122,williams lake,ca,59,44,75,5.82,52.13,-122.14
-16.546520551495476,-151.40695705489202,uturoa,pf,77.12,79,3,23.11,-16.73,-151.43
51.39548932360512,52.60367125146493,tashla,ru,68,64,0,6.71,53.71,49.75
60.80696170020056,40.504588341590875,konosha,ru,45.08,81,1,3.94,60.97,40.26
15.983038643360018,84.20248525538341,yarada,in,86,79,40,5.82,17.65,83.27
10.447951074055766,110.8904005961059,phan rang,vn,,,,,,
-0.009982207937085263,21.14276126579631,boende,cd,72.62,83,59,2.06,-0.28,20.88
40.139243260737516,57.97522688329573,baherden,tm,80.54,11,0,8.41,38.44,57.43
-16.84724174913093,27.642192044589706,gwembe,zm,53.18,65,0,2.04,-16.5,27.61
38.366537116249475,75.9596273387439,kashi,cn,66.2,55,75,8.95,39.45,75.98
-0.7169077164741253,3.079545788152899,port-gentil,ga,75.68,80,38,11.05,-0.72,8.78
-1.3905638724601346,-57.715017737461224,urucara,br,73.34,89,3,0.92,-2.54,-57.76
70.47497927543054,34.42044697225589,polyarnyy,ru,46.4,81,40,2.24,69.2,33.45
4.705162034264589,21.295085087524257,alindao,cf,69.02,98,100,4.43,5.04,21.21
-4.538540996372035,26.905340969039173,kasongo,cd,71.36,50,0,3.06,-4.43,26.67
57.272519915078306,41.90100538284477,staraya vichuga,ru,52.28,86,0,8.66,57.27,41.88
29.713144178925575,-85.19090603861535,callaway,us,60.89,93,40,3.36,46.98,-95.91
37.48414253124429,65.04741997439311,kerki,tm,,,,,,
40.515950252336324,-137.83609000691956,eureka,us,53.42,87,1,3.36,40.8,-124.16
30.54159281796703,108.257824174804,wanxian,cn,73.16,77,100,3.98,30.8,108.39
40.2821614017422,-126.69499640038546,fortuna,us,53.33,87,1,3.36,40.6,-124.16
56.51440515928908,46.06529426137061,yurino,ru,62.6,48,20,6.71,56.29,46.29
68.31002130214131,98.66692933633652,tura,ru,78.02,33,0,8.57,64.27,100.22
37.40091177921981,-9.78475387141711,aljezur,pt,63.32,77,79,5.66,37.31,-8.8
49.54124847572166,21.702601720663637,krosno,pl,63.64,88,0,4.7,49.69,21.77
-1.9365794554702376,96.39159315953998,padang,id,81.62,73,100,4,-0.92,100.36
-10.524149135877323,102.33062314307966,labuhan,id,89.54,54,5,2.04,-2.54,115.51
-20.158849824915364,158.03428773697163,poum,nc,72.44,82,90,9.89,-20.23,164.02
-6.8507137713374675,169.72487152729957,lata,sb,,,,,,
30.36327877111988,-114.12150961858347,san felipe,mx,82.04,57,0,5.01,31.02,-114.84
-17.191427153762348,156.29471131526304,yeppoon,au,71.6,33,0,3.36,-23.13,150.74
67.02370020012773,-149.46553184675415,college,us,70.9,33,40,8.05,64.86,-147.8
58.13744478693573,67.43446455218273,irtyshskiy,ru,64.16,54,25,5.14,58.33,68.13
-4.029163687410943,-53.73343696907794,altamira,br,71.72,91,18,1.36,-3.2,-52.21
47.62702145650732,24.823453538205456,borsa,ro,57.99,91,29,1.99,47.66,24.66
-25.284563876094964,20.1685219178043,aranos,na,46.52,30,0,8.01,-24.14,19.11
27.087084356064523,28.024625965204564,matay,eg,72.08,67,0,12.68,28.42,30.79
19.08088746162393,9.015533505053753,arlit,ne,93.32,9,0,7.67,18.74,7.39
-7.050461673733551,32.34576865218136,inyonga,tz,60.92,59,0,5.93,-6.72,32.06
12.83088699212287,-5.185393675963695,kimparana,ml,87.02,47,86,13.53,12.83,-4.92
-50.849001958230964,-67.21705474559309,rio gallegos,ar,30.2,80,0,14.99,-51.62,-69.22
-32.04415276809073,141.87922352845533,broken hill,au,62.6,39,1,6.93,-31.97,141.45
51.63923184519757,118.78626517042255,gazimurskiy zavod,ru,75.5,31,81,6.22,51.55,118.33
37.04084758333903,39.409017139712006,viransehir,tr,79.82,26,0,4.97,37.24,39.76
-0.7190401378538525,141.2132699740875,vanimo,pg,82.88,78,100,10.67,-2.67,141.3
38.65491109085207,-100.959274272007,garden city,us,71.74,100,90,6.93,40.73,-73.63
51.95989313767615,-137.25345243724945,sitka,us,71.01,64,0,8.01,37.17,-99.65
14.32276878715058,-51.65694686976204,bathsheba,bb,82.4,74,40,21.92,13.22,-59.52
55.55032571826996,98.19821510946724,tayshet,ru,54.44,97,100,11.43,55.94,98.01
35.952824923094454,-5.956406482374007,tangier,ma,68,88,40,4.7,35.78,-5.81
-21.377618575422474,39.393301785128074,quelimane,mz,64.4,93,90,2.24,-17.88,36.89
45.57458703954856,-123.92465763622874,astoria,us,57.85,71,1,6.93,46.19,-123.83
57.64346622600172,116.02852051108425,kropotkin,ru,70.46,91,1,5.55,45.43,40.58
14.166357690856373,20.099855276716454,abeche,td,87.74,34,33,4.5,13.83,20.83
22.30900416241498,-20.303654862160784,nouadhibou,mr,69.8,77,0,17.22,20.93,-17.03
55.52529552490813,133.7092701139178,chumikan,ru,44,97,100,3.42,54.72,135.31
-46.86952571616801,172.83782531762165,waitati,nz,52,63,100,10,-45.75,170.57
-12.0707130361304,175.51549561924998,asau,tv,,,,,,
-25.992696539767394,159.26949143707697,victoria point,au,65.86,72,75,11.41,-27.58,153.3
68.01280622225008,124.70188460994507,zhigansk,ru,78.92,36,0,3.6,66.77,123.37
21.387675179149937,-62.01289902489043,the valley,ai,81.46,83,20,11.41,18.22,-63.06
61.112772155443594,34.342251698330216,podporozhye,ru,50.84,83,42,1.79,60.91,34.16
32.38701720332928,-85.5713744421941,tuskegee,us,78.51,61,1,4.7,32.42,-85.69
66.22826653527844,80.20722755831713,urengoy,ru,47.96,51,0,12.46,65.96,78.37
45.96151998596463,13.819839760750995,ajdovscina,si,65.93,88,0,2.24,45.89,13.91
8.150490540831257,71.34480075545304,dhidhdhoo,mv,83.24,74,93,14.32,6.88,73.1
6.311434303366283,-106.23160423208506,ixtapa,mx,82.72,69,40,2.24,20.71,-105.21
-35.52754687087282,-66.71637834092434,san rafael,ar,44.9,24,47,35.86,-34.61,-68.33
23.925378627176016,95.81466960569952,katha,mm,,,,,,
59.25972482056744,1.8441976421341906,lerwick,gb,50.9,93,100,16.11,60.15,-1.15
57.81597118824661,-13.115510454772078,westport,ie,54.19,92,8,13.51,53.8,-9.52
43.02818293208912,129.66034829250293,tumen,cn,83.78,43,52,4.76,42.97,129.84
-27.794040606778893,175.05372967050505,kaeo,nz,55,92,95,5.99,-35.1,173.78
44.82399720712388,119.69441465817926,chifeng,cn,79.28,34,100,14.76,42.27,118.96
28.584824592989193,66.12283947864196,surab,pk,77.12,42,0,12.66,28.49,66.26
49.52262563379804,80.56274628491678,shar,kz,63.98,68,0,1.07,49.59,81.05
46.04186648099801,117.32714889702078,manzhouli,cn,76.58,48,19,10.65,49.6,117.43
30.392869550395872,144.78286662491558,katsuura,jp,78.8,61,40,8.05,33.93,134.5
-21.404644927829892,14.22668883515172,henties bay,na,53.01,93,0,3,-22.12,14.28
